﻿<?xml version="1.0" encoding="utf-8"?>
<list>
  <moveset name="Choice Scarf">
    <nature>Hasty</nature>
    <item>Choice Scarf</item>
    <ev_atk>16</ev_atk>
    <ev_spatk>252</ev_spatk>
    <ev_speed>240</ev_speed>
    <move>Blizzard</move>
    <move>Grass Knot</move>
    <move>Wood Hammer</move>
    <move>Hidden Power Fire</move>
    <move>Earthquake</move>
  </moveset>
  <moveset name="SubSeed">
    <nature>Sassy</nature>
    <item>Leftovers</item>
    <ev_hp>252</ev_hp>
    <ev_def>172</ev_def>
    <ev_spdef>84</ev_spdef>
    <move>Leech Seed</move>
    <move>Substitute</move>
    <move>Blizzard</move>
    <move>Ice Shard</move>
    <move>Protect</move>
    <move>Wood Hammer</move>
    <move>Focus Punch</move>
  </moveset>
</list>