﻿<?xml version="1.0" encoding="utf-8"?>
<list>
  <moveset name="Wish Support">
    <nature>Bold</nature>
    <item>Leftovers</item>
    <ev_hp>252</ev_hp>
    <ev_def>252</ev_def>
    <ev_spdef>4</ev_spdef>
    <move>Wish</move>
    <move>Softboiled</move>
    <move>Protect</move>
    <move>Flamethrower</move>
    <move>Ice Beam</move>
    <move>Seismic Toss</move>
    <move>Toxic</move>
  </moveset>
  <moveset name="Cleric">
    <nature>Bold</nature>
    <item>Leftovers</item>
    <ev_hp>252</ev_hp>
    <ev_def>252</ev_def>
    <ev_spdef>4</ev_spdef>
    <move>Aromatherapy</move>
    <move>Softboiled</move>
    <move>Seismic Toss</move>
    <move>Toxic</move>
    <move>Flamethrower</move>
  </moveset>
</list>