﻿<?xml version="1.0" encoding="utf-8"?>
<list>
  <moveset name="Choice">
    <nature>Timid</nature>
    <item>Choice Scarf</item>
    <ev_hp>4</ev_hp>
    <ev_spatk>252</ev_spatk>
    <ev_speed>252</ev_speed>
    <move>Overheat</move>
    <move>Shadow Ball</move>
    <move>Hidden Power Ice</move>
    <move>Energy Ball</move>
    <move>Psychic</move>
    <move>Hidden Power Fighting</move>
    <move>Fire Blast</move>
  </moveset>
  <moveset name="Calm Minder">
    <nature>Timid</nature>
    <item>Leftovers</item>
    <ev_hp>4</ev_hp>
    <ev_spatk>252</ev_spatk>
    <ev_speed>252</ev_speed>
    <move>Substitute</move>
    <move>Calm Mind</move>
    <move>Shadow Ball</move>
    <move>Flamethrower</move>
    <move>Hidden Power Fighting</move>
  </moveset>
</list>