﻿<?xml version="1.0" encoding="utf-8"?>
<list>
  <moveset name="Wisher">
    <nature>Bold</nature>
    <item>Eviolite</item>
    <ev_hp>252</ev_hp>
    <ev_def>252</ev_def>
    <ev_spdef>4</ev_spdef>
    <gender>2</gender>
    <move>Wish</move>
    <move>Protect</move>
    <move>Softboiled</move>
    <move>Seismic Toss</move>
    <move>Toxic</move>
  </moveset>
  <moveset name="Counter">
    <nature>Bold</nature>
    <item>Eviolite</item>
    <ev_hp>252</ev_hp>
    <ev_def>252</ev_def>
    <ev_spdef>4</ev_spdef>
    <gender>2</gender>
    <move>Counter</move>
    <move>Wish</move>
    <move>Softboiled</move>
    <move>Toxic</move>
    <move>Seismic Toss</move>
  </moveset>
</list>