﻿<?xml version="1.0" encoding="utf-8"?>
<list>
  <moveset name="Shell Smash">
    <nature>Naive</nature>
    <ability>1</ability>
    <item>Life Orb</item>
    <ev_hp>48</ev_hp>
    <ev_atk>252</ev_atk>
    <ev_speed>208</ev_speed>
    <move>Shell Smash</move>
    <move>Icicle Spear</move>
    <move>Rock Blast</move>
    <move>Razor Shell</move>
    <move>Hydro Pump</move>
    <move>Ice Shard</move>
  </moveset>
  <moveset name="Utility">
    <nature>Impish</nature>
    <ability>1</ability>
    <item>Leftovers</item>
    <ev_hp>248</ev_hp>
    <ev_atk>8</ev_atk>
    <ev_spdef>252</ev_spdef>
    <move>Rapid Spin</move>
    <move>Spikes</move>
    <move>Toxic Spikes</move>
    <move>Icicle Spear</move>
    <move>Rock Blast</move>
  </moveset>
  <moveset name="Choice Band">
    <nature>Adamant</nature>
    <item>Choice Band</item>
    <ev_hp>248</ev_hp>
    <ev_atk>252</ev_atk>
    <ev_speed>8</ev_speed>
    <move>Icicle Spear</move>
    <move>Rock Blast</move>
    <move>Razor Shell</move>
    <move>Ice Shard</move>
    <move>Explosion</move>
  </moveset>
</list>