﻿<?xml version="1.0" encoding="utf-8"?>
<list>
  <moveset name="Bulk Up">
    <nature>Adamant</nature>
    <item>Leftovers</item>
    <ev_hp>120</ev_hp>
    <ev_atk>252</ev_atk>
    <ev_spdef>136</ev_spdef>
    <move>Bulk Up</move>
    <move>Drain Punch</move>
    <move>Mach Punch</move>
    <move>Payback</move>
    <move>Stone Edge</move>
  </moveset>
  <moveset name="SubPunch">
    <nature>Adamant</nature>
    <item>Leftovers</item>
    <ev_hp>212</ev_hp>
    <ev_atk>252</ev_atk>
    <ev_spdef>44</ev_spdef>
    <move>Substitute</move>
    <move>Focus Punch</move>
    <move>Mach Punch</move>
    <move>Payback</move>
    <move>Stone Edge</move>
  </moveset>
  <moveset name="Choice Band">
    <nature>Adamant</nature>
    <item>Choice Band</item>
    <ev_hp>252</ev_hp>
    <ev_atk>252</ev_atk>
    <ev_speed>4</ev_speed>
    <move>Hammer Arm</move>
    <move>Superpower</move>
    <move>Mach Punch</move>
    <move>Stone Edge</move>
    <move>Payback</move>
  </moveset>
</list>