﻿<?xml version="1.0" encoding="utf-8"?>
<list>
  <moveset name="Offensive Dragon Dance ">
    <nature>Adamant</nature>
    <ability>1</ability>
    <item>Lum Berry</item>
    <ev_hp>54</ev_hp>
    <ev_atk>252</ev_atk>
    <ev_speed>204</ev_speed>
    <move>Dragon Dance</move>
    <move>Dragon Claw</move>
    <move>Outrage</move>
    <move>Earthquake</move>
    <move>Fire Punch</move>
    <move>Aqua Tail</move>
  </moveset>
  <moveset name="Mixed Nite">
    <nature>Mild</nature>
    <item>Life Orb</item>
    <ev_atk>116</ev_atk>
    <ev_spatk>200</ev_spatk>
    <ev_speed>192</ev_speed>
    <move>Draco Meteor</move>
    <move>Superpower</move>
    <move>Fire Blast</move>
    <move>Flamethrower</move>
    <move>Thunderbolt</move>
    <move>Roost</move>
  </moveset>
  <moveset name="Bulky Dragon Dance ">
    <nature>Adamant</nature>
    <ability>1</ability>
    <item>Leftovers</item>
    <ev_hp>252</ev_hp>
    <ev_atk>64</ev_atk>
    <ev_speed>192</ev_speed>
    <move>Dragon Dance</move>
    <move>Dragon Claw</move>
    <move>Earthquake</move>
    <move>Brick Break</move>
    <move>Fire Punch</move>
    <move>Roost</move>
  </moveset>
  <moveset name="Multiscale Abuse ">
    <nature>Careful</nature>
    <ability>1</ability>
    <item>Leftovers</item>
    <ev_hp>252</ev_hp>
    <ev_def>128</ev_def>
    <ev_spdef>128</ev_spdef>
    <move>Substitute</move>
    <move>Thunder Wave</move>
    <move>Dragon Tail</move>
    <move>Roost</move>
  </moveset>
</list>