﻿<?xml version="1.0" encoding="utf-8"?>
<list>
  <moveset name="Physically Defensive">
    <nature>Relaxed</nature>
    <item>Leftovers</item>
    <ev_hp>252</ev_hp>
    <ev_atk>112</ev_atk>
    <ev_def>144</ev_def>
    <iv_speed>0</iv_speed>
    <move>Toxic Spikes</move>
    <move>Spikes</move>
    <move>Rapid Spin</move>
    <move>Earthquake</move>
    <move>Volt Switch</move>
    <move>Gyro Ball</move>
  </moveset>
  <moveset name="Specially Defensive">
    <nature>Sassy</nature>
    <item>Leftovers</item>
    <ev_hp>252</ev_hp>
    <ev_def>4</ev_def>
    <ev_spdef>252</ev_spdef>
    <iv_speed>0</iv_speed>
    <move>Spikes</move>
    <move>Toxic Spikes</move>
    <move>Rapid Spin</move>
    <move>Earthquake</move>
    <move>Volt Switch</move>
    <move>Gyro Ball</move>
  </moveset>
</list>