﻿<?xml version="1.0" encoding="utf-8"?>
<list>
  <moveset name="Choice">
    <nature>Timid</nature>
    <item>Choice Scarf</item>
    <ev_spatk>252</ev_spatk>
    <ev_spdef>4</ev_spdef>
    <ev_speed>252</ev_speed>
    <gender>0</gender>
    <move>Bug Buzz</move>
    <move>Flamethrower</move>
    <move>Ice Beam</move>
    <move>Thunderbolt</move>
    <move>U-turn</move>
    <move>Hidden Power Gound</move>
  </moveset>
  <moveset name="Life Orb">
    <nature>Naive</nature>
    <item>Life Orb</item>
    <ev_atk>80</ev_atk>
    <ev_spatk>176</ev_spatk>
    <ev_speed>252</ev_speed>
    <gender>0</gender>
    <move>Bug Buzz</move>
    <move>Flamethrower</move>
    <move>Ice Beam</move>
    <move>U-turn</move>
    <move>Thunderbolt</move>
    <move>X-Scissor</move>
  </moveset>
  <moveset name="Rock Polish">
    <nature>Modest</nature>
    <item>Life Orb</item>
    <ev_def>4</ev_def>
    <ev_spatk>252</ev_spatk>
    <ev_speed>252</ev_speed>
    <gender>0</gender>
    <move>Rock Polish</move>
    <move>Bug Buzz</move>
    <move>Flamethrower</move>
    <move>Ice Beam</move>
    <move>Explosion</move>
    <move>Hidden Power Ground</move>
  </moveset>
</list>