﻿<?xml version="1.0" encoding="utf-8"?>
<list>
  <moveset name="SubSplit">
    <nature>Timid</nature>
    <item>Life Orb</item>
    <ev_def>4</ev_def>
    <ev_spatk>252</ev_spatk>
    <ev_speed>252</ev_speed>
    <move>Substitute</move>
    <move>Pain Split</move>
    <move>Shadow Ball</move>
    <move>Focus Blast</move>
  </moveset>
  <moveset name="Choice">
    <nature>Timid</nature>
    <item>Choice Specs</item>
    <ev_def>4</ev_def>
    <ev_spatk>252</ev_spatk>
    <ev_speed>252</ev_speed>
    <move>Shadow Ball</move>
    <move>Trick</move>
    <move>Focus Blast</move>
    <move>Hidden Power Ice</move>
    <move>Hidden Power Fire</move>
    <move>Psychic</move>
  </moveset>
  <moveset name="LO Sweeper">
    <nature>Timid</nature>
    <item>Life Orb</item>
    <ev_def>4</ev_def>
    <ev_spatk>252</ev_spatk>
    <ev_speed>252</ev_speed>
    <move>Shadow Ball</move>
    <move>Focus Blast</move>
    <move>Hidden Power Fire</move>
    <move>Hidden Power Ice</move>
    <move>Protect</move>
    <move>Thunderbolt</move>
  </moveset>
</list>