﻿<?xml version="1.0" encoding="utf-8"?>
<list>
  <moveset name="RestTalk">
    <nature>Impish</nature>
    <item>Leftovers</item>
    <ev_hp>248</ev_hp>
    <ev_def>252</ev_def>
    <ev_spdef>8</ev_spdef>
    <move>Waterfall</move>
    <move>Rest</move>
    <move>Sleep Talk</move>
    <move>Roar</move>
    <move>Dragon Tail</move>
  </moveset>
  <moveset name="Offensive Dragon Dance">
    <nature>Adamant</nature>
    <item>Life Orb</item>
    <ev_atk>252</ev_atk>
    <ev_def>4</ev_def>
    <ev_speed>252</ev_speed>
    <move>Dragon Dance</move>
    <move>Waterfall</move>
    <move>Stone Edge</move>
    <move>Earthquake</move>
    <move>Bounce</move>
    <move>Ice Fang</move>
  </moveset>
  <moveset name="Bulky Dragon Dance">
    <nature>Adamant</nature>
    <item>Leftovers</item>
    <ev_hp>156</ev_hp>
    <ev_atk>72</ev_atk>
    <ev_def>96</ev_def>
    <ev_speed>184</ev_speed>
    <move>Dragon Dance</move>
    <move>Waterfall</move>
    <move>Taunt</move>
    <move>Stone Edge</move>
    <move>Bounce</move>
  </moveset>
</list>