﻿<?xml version="1.0" encoding="utf-8"?>
<list>
  <moveset name="Choice">
    <nature>Adamant</nature>
    <ability>1</ability>
    <item>Choice Band</item>
    <ev_hp>4</ev_hp>
    <ev_atk>252</ev_atk>
    <ev_speed>252</ev_speed>
    <move>Dragon Claw</move>
    <move>Dual Chop</move>
    <move>Earthquake</move>
    <move>Outrage</move>
    <move>Brick Break</move>
    <move>Rock Slide</move>
  </moveset>
  <moveset name="Dragon Dance">
    <nature>Jolly</nature>
    <ability>1</ability>
    <item>Life Orb</item>
    <ev_hp>4</ev_hp>
    <ev_atk>252</ev_atk>
    <ev_speed>252</ev_speed>
    <move>Dragon Dance</move>
    <move>Outrage</move>
    <move>Earthquake</move>
    <move>Taunt</move>
    <move>Dragon Tail</move>
    <move>Brick Break</move>
  </moveset>
  <moveset name="Swords Dance">
    <nature>Jolly</nature>
    <ability>1</ability>
    <item>Life Orb</item>
    <ev_hp>4</ev_hp>
    <ev_atk>252</ev_atk>
    <ev_speed>252</ev_speed>
    <move>Swords Dance</move>
    <move>Outrage</move>
    <move>Earthquake</move>
    <move>Taunt</move>
    <move>Dragon Tail</move>
    <move>Brick Break</move>
  </moveset>
</list>