﻿<?xml version="1.0" encoding="utf-8"?>
<list>
  <moveset name="Non-Choice Attacker">
    <nature>Modest</nature>
    <item>Air Balloon</item>
    <ev_hp>4</ev_hp>
    <ev_spatk>252</ev_spatk>
    <ev_speed>252</ev_speed>
    <move>Fire Blast</move>
    <move>Flamethrower</move>
    <move>Earth Power</move>
    <move>Dragon Pulse</move>
    <move>Hidden Power Ice</move>
    <move>Stealth Rock</move>
    <move>Flame Charge</move>
  </moveset>
  <moveset name="Choice Scarf">
    <nature>Timid</nature>
    <item>Choice Scarf</item>
    <ev_hp>4</ev_hp>
    <ev_spatk>252</ev_spatk>
    <ev_speed>252</ev_speed>
    <move>Fire Blast</move>
    <move>Flamethrower</move>
    <move>Overheat</move>
    <move>Earth Power</move>
    <move>Dragon Pulse</move>
    <move>Hidden Power Ice</move>
    <move>Dark Pulse</move>
  </moveset>
  <moveset name="Choice Specs">
    <nature>Modest</nature>
    <item>Choice Specs</item>
    <ev_hp>4</ev_hp>
    <ev_spatk>252</ev_spatk>
    <ev_speed>252</ev_speed>
    <move>Overheat</move>
    <move>Fire Blast</move>
    <move>Dragon Pulse</move>
    <move>Earth Power</move>
    <move>Hidden Power Grass</move>
  </moveset>
</list>