﻿<?xml version="1.0" encoding="utf-8"?>
<list>
  <moveset name="Stall Breaker">
    <nature>Modest</nature>
    <item>Life Orb</item>
    <ev_hp>4</ev_hp>
    <ev_spatk>252</ev_spatk>
    <ev_speed>252</ev_speed>
    <move>Draco Meteor</move>
    <move>Dragon Pulse</move>
    <move>Taunt</move>
    <move>Surf</move>
    <move>U-turn</move>
    <move>Fire Blast</move>
    <move>Focus Blast</move>
  </moveset>
  <moveset name="Choice Specs">
    <nature>Modest</nature>
    <item>Choice Specs</item>
    <ev_hp>64</ev_hp>
    <ev_spatk>252</ev_spatk>
    <ev_speed>192</ev_speed>
    <move>Draco Meteor</move>
    <move>Dragon Pulse</move>
    <move>Flamethrower</move>
    <move>Surf</move>
    <move>U-turn</move>
  </moveset>
  <moveset name="Choice Scarf">
    <nature>Timid</nature>
    <item>Choice Scarf</item>
    <ev_hp>4</ev_hp>
    <ev_spatk>252</ev_spatk>
    <ev_speed>252</ev_speed>
    <move>Fire Blast</move>
    <move>Flamethrower</move>
    <move>U-turn</move>
    <move>Focus Blast</move>
    <move>Draco Meteor</move>
    <move>Dragon Pulse</move>
  </moveset>
</list>