﻿<?xml version="1.0" encoding="utf-8"?>
<list>
  <moveset name="MixApe">
    <nature>Naive</nature>
    <item>Life Orb</item>
    <ev_atk>252</ev_atk>
    <ev_spatk>4</ev_spatk>
    <ev_speed>252</ev_speed>
    <move>Close Combat</move>
    <move>U-turn</move>
    <move>Grass Knot</move>
    <move>Stone Edge</move>
    <move>Mach Punch</move>
    <move>ThunderPunch</move>
    <move>Overheat</move>
    <move>Hidden Power Ice</move>
  </moveset>
  <moveset name="Nasty Plot">
    <nature>Naive</nature>
    <item>Life Orb</item>
    <ev_spatk>252</ev_spatk>
    <ev_spdef>4</ev_spdef>
    <ev_speed>252</ev_speed>
    <move>Nasty Plot</move>
    <move>Focus Blast</move>
    <move>Close Combat</move>
    <move>Fire Blast</move>
    <move>Grass Knot</move>
    <move>Vacuum Wave</move>
    <move>Hidden Power Ice</move>
  </moveset>
  <moveset name="Choice">
    <nature>Jolly</nature>
    <ability>1</ability>
    <item>Choice Band</item>
    <ev_hp>4</ev_hp>
    <ev_atk>252</ev_atk>
    <ev_speed>252</ev_speed>
    <move>Close Combat</move>
    <move>Flare Blitz</move>
    <move>Fire Punch</move>
    <move>Stone Edge</move>
    <move>Mach Punch</move>
    <move>U-turn</move>
  </moveset>
  <moveset name="Swordsdance">
    <nature>Jolly</nature>
    <ability>1</ability>
    <item>Life Orb</item>
    <ev_atk>252</ev_atk>
    <ev_def>4</ev_def>
    <ev_speed>252</ev_speed>
    <move>Swords Dance</move>
    <move>Close Combat</move>
    <move>Flare Blitz</move>
    <move>Stone Edge</move>
    <move>Mach Punch</move>
    <move>Blaze Kick</move>
  </moveset>
  <moveset name="Stealth Rock">
    <nature>Naive</nature>
    <item>Focus Sash</item>
    <ev_atk>252</ev_atk>
    <ev_spatk>4</ev_spatk>
    <ev_speed>252</ev_speed>
    <move>Fake Out</move>
    <move>Close Combat</move>
    <move>Fire Blast</move>
    <move>Stealth Rock</move>
  </moveset>
</list>