﻿<?xml version="1.0" encoding="utf-8"?>
<list>
  <moveset name="SubCM">
    <nature>Timid</nature>
    <item>Leftovers</item>
    <ev_hp>252</ev_hp>
    <ev_spatk>4</ev_spatk>
    <ev_speed>252</ev_speed>
    <move>Substitute</move>
    <move>Calm Mind</move>
    <move>Thunderbolt</move>
    <move>Flash Cannon</move>
    <move>Psychic</move>
    <move>Psyshock</move>
    <move>Thunder</move>
  </moveset>
  <moveset name="Superachi">
    <nature>Timid</nature>
    <item>Life Orb</item>
    <ev_hp>4</ev_hp>
    <ev_spatk>252</ev_spatk>
    <ev_speed>252</ev_speed>
    <move>Calm Mind</move>
    <move>Psychic</move>
    <move>Psyshock</move>
    <move>Thunderbolt</move>
    <move>Grass Knot</move>
    <move>Hidden Power Fire</move>
    <move>Hidden Power Ground</move>
    <move>Hidden Power Ice</move>
    <move>Thunder</move>
  </moveset>
  <moveset name="Choice Scarf">
    <nature>Jolly</nature>
    <item>Choice Scarf</item>
    <ev_hp>4</ev_hp>
    <ev_atk>252</ev_atk>
    <ev_speed>252</ev_speed>
    <move>Iron Head</move>
    <move>ThunderPunch</move>
    <move>Ice Punch</move>
    <move>Fire Punch</move>
    <move>Trick</move>
    <move>Zen Headbutt</move>
    <move>U-turn</move>
    <move>Stealth Rock</move>
  </moveset>
  <moveset name="SubPara">
    <nature>Jolly</nature>
    <item>Leftovers</item>
    <ev_hp>80</ev_hp>
    <ev_atk>252</ev_atk>
    <ev_speed>176</ev_speed>
    <move>Substitute</move>
    <move>Body Slam</move>
    <move>Thunder Wave</move>
    <move>Iron Head</move>
    <move>Fire Punch</move>
    <move>Zen Headbutt</move>
    <move>Drain Punch</move>
  </moveset>
  <moveset name="Toxica">
    <nature>Careful</nature>
    <item>Leftovers</item>
    <ev_hp>252</ev_hp>
    <ev_spdef>80</ev_spdef>
    <ev_speed>176</ev_speed>
    <move>Toxic</move>
    <move>Substitute</move>
    <move>Iron Head</move>
    <move>Zen Headbutt</move>
    <move>Wish</move>
    <move>Protect</move>
    <move>Fire Punch</move>
  </moveset>
  <moveset name="Choice Specs">
    <nature>Modest</nature>
    <item>Choice Specs</item>
    <ev_hp>224</ev_hp>
    <ev_spatk>252</ev_spatk>
    <ev_speed>32</ev_speed>
    <move>Doom Desire</move>
    <move>Psychic</move>
    <move>Psyshock</move>
    <move>Flash Cannon</move>
    <move>Thunderbolt</move>
    <move>Thunder</move>
    <move>Grass Knot</move>
    <move>Trick</move>
    <move>Hidden Power Fire</move>
    <move>Hidden Power Ice</move>
    <move>Hidden Power Ground</move>
    <move>Draco Meteor</move>
  </moveset>
  <moveset name="Wish Support">
    <nature>Impish</nature>
    <item>Leftovers</item>
    <ev_hp>240</ev_hp>
    <ev_def>160</ev_def>
    <ev_spdef>76</ev_spdef>
    <ev_speed>32</ev_speed>
    <move>Wish</move>
    <move>U-turn</move>
    <move>Body Slam</move>
    <move>Iron Head</move>
    <move>Thunder Wave</move>
    <move>Zen Headbutt</move>
    <move>Protect</move>
  </moveset>
</list>