﻿<?xml version="1.0" encoding="utf-8"?>
<list>
  <moveset name="Rock Polish">
    <nature>Naughty</nature>
    <item>Life Orb</item>
    <ev_atk>252</ev_atk>
    <ev_spatk>4</ev_spatk>
    <ev_speed>252</ev_speed>
    <move>Earthquake</move>
    <move>Stone Edge</move>
    <move>Rock Slide</move>
    <move>Hidden Power Ice</move>
    <move>Rock Polish</move>
  </moveset>
  <moveset name="Swords Dance">
    <nature>Jolly</nature>
    <item>Life Orb</item>
    <ev_atk>252</ev_atk>
    <ev_def>4</ev_def>
    <ev_speed>252</ev_speed>
    <move>Swords Dance</move>
    <move>Earthquake</move>
    <move>Stone Edge</move>
    <move>Rock Slide</move>
    <move>Substitute</move>
    <move>U-turn</move>
    <move>Explosion</move>
  </moveset>
  <moveset name="Choice Scarf">
    <nature>Jolly</nature>
    <item>Choice Scarf</item>
    <ev_atk>252</ev_atk>
    <ev_def>4</ev_def>
    <ev_speed>252</ev_speed>
    <move>Earthquake</move>
    <move>Stone Edge</move>
    <move>Rock Slide</move>
    <move>U-turn</move>
    <move>Hammer Arm</move>
    <move>Hidden Power Ice</move>
  </moveset>
  <moveset name="Sheer Force">
    <nature>Naive</nature>
    <ability>1</ability>
    <item>Life Orb</item>
    <ev_atk>4</ev_atk>
    <ev_spatk>252</ev_spatk>
    <ev_speed>252</ev_speed>
    <move>Earth Power</move>
    <move>Psychic</move>
    <move>U-turn</move>
    <move>Hidden Power Ice</move>
    <move>Hammer Arm</move>
    <move>Sludge Wave</move>
  </moveset>
</list>