﻿<?xml version="1.0" encoding="utf-8"?>
<list>
  <moveset name="Choice">
    <nature>Timid</nature>
    <item>Choice Specs</item>
    <ev_hp>4</ev_hp>
    <ev_spatk>252</ev_spatk>
    <ev_speed>252</ev_speed>
    <move>Trick</move>
    <move>Draco Meteor</move>
    <move>Surf</move>
    <move>Hidden Power Fire</move>
    <move>Dragon Pulse</move>
    <move>Psyshock</move>
    <move>Psychic</move>
  </moveset>
  <moveset name="Calm Mind">
    <nature>Timid</nature>
    <item>Life Orb</item>
    <ev_hp>4</ev_hp>
    <ev_spatk>252</ev_spatk>
    <ev_speed>252</ev_speed>
    <move>Calm Mind</move>
    <move>Dragon Pulse</move>
    <move>Surf</move>
    <move>Hidden Power Fire</move>
    <move>Psyshock</move>
    <move>Psychic</move>
  </moveset>
  <moveset name="Bluff (Expert Belt)">
    <nature>Timid</nature>
    <item>Expert Belt</item>
    <ev_hp>4</ev_hp>
    <ev_spatk>252</ev_spatk>
    <ev_speed>252</ev_speed>
    <move>Dragon Pulse</move>
    <move>Surf</move>
    <move>Hidden Power Fire</move>
    <move>Thunderbolt</move>
  </moveset>
</list>