﻿<?xml version="1.0" encoding="utf-8"?>
<list>
  <moveset name="Special Rain">
    <nature>Modest</nature>
    <item>Life Orb</item>
    <ev_hp>4</ev_hp>
    <ev_spatk>252</ev_spatk>
    <ev_speed>252</ev_speed>
    <move>Hydro Pump</move>
    <move>Surf</move>
    <move>Giga Drain</move>
    <move>Ice Beam</move>
    <move>Focus Blast</move>
    <move>Substitute</move>
  </moveset>
  <moveset name="Swords Dance">
    <nature>Adamant</nature>
    <item>Life Orb</item>
    <ev_hp>4</ev_hp>
    <ev_atk>252</ev_atk>
    <ev_speed>252</ev_speed>
    <move>Swords Dance</move>
    <move>Waterfall</move>
    <move>Seed Bomb</move>
    <move>Ice Punch</move>
    <move>Drain Punch</move>
  </moveset>
  <moveset name="SubSeed">
    <nature>Bold</nature>
    <ability>1</ability>
    <item>Leftovers</item>
    <ev_hp>252</ev_hp>
    <ev_def>216</ev_def>
    <ev_spdef>40</ev_spdef>
    <move>Substitute</move>
    <move>Leech Seed</move>
    <move>Protect</move>
    <move>Toxic</move>
    <move>Scald</move>
    <move>Giga Drain</move>
    <move>Ice Beam</move>
  </moveset>
</list>