﻿<?xml version="1.0" encoding="utf-8"?>
<list>
  <moveset name="Offensive Calm Mind">
    <nature>Timid</nature>
    <item>Life Orb</item>
    <ev_hp>4</ev_hp>
    <ev_spatk>252</ev_spatk>
    <ev_speed>252</ev_speed>
    <move>Calm Mind</move>
    <move>Psyshock</move>
    <move>Grass Knot</move>
    <move>Thunderbolt</move>
    <move>Hidden Power Fire</move>
    <move>Hidden Power Ground</move>
  </moveset>
  <moveset name="SubCM">
    <nature>Timid</nature>
    <item>Leftovers</item>
    <ev_hp>252</ev_hp>
    <ev_spatk>4</ev_spatk>
    <ev_speed>252</ev_speed>
    <move>Substitute</move>
    <move>Calm Mind</move>
    <move>Psyshock</move>
    <move>Thunderbolt</move>
  </moveset>
</list>