﻿<?xml version="1.0" encoding="utf-8"?>
<list>
  <moveset name="Anti-Lead">
    <nature>Jolly</nature>
    <ability>1</ability>
    <item>Life Orb</item>
    <ev_atk>252</ev_atk>
    <ev_def>4</ev_def>
    <ev_speed>252</ev_speed>
    <move>Fake Out</move>
    <move>U-turn</move>
    <move>Hi Jump Kick</move>
    <move>Taunt</move>
    <move>Stone Edge</move>
  </moveset>
  <moveset name="Choice">
    <nature>Jolly</nature>
    <item>Choice Scarf</item>
    <ev_hp>4</ev_hp>
    <ev_atk>252</ev_atk>
    <ev_speed>252</ev_speed>
    <move>Hi Jump Kick</move>
    <move>U-turn</move>
    <move>Stone Edge</move>
    <move>Me First</move>
  </moveset>
  <moveset name="Swords Dance">
    <nature>Jolly</nature>
    <item>Life Orb</item>
    <ev_hp>4</ev_hp>
    <ev_atk>252</ev_atk>
    <ev_speed>252</ev_speed>
    <move>Swords Dance</move>
    <move>Hi Jump Kick</move>
    <move>Stone Edge</move>
    <move>U-turn</move>
    <move>Hidden Power Ice</move>
  </moveset>
</list>