﻿<?xml version="1.0" encoding="utf-8"?>
<list>
  <moveset name="Defensive">
    <nature>Timid</nature>
    <ability>1</ability>
    <item>Leftovers</item>
    <ev_hp>252</ev_hp>
    <ev_spdef>92</ev_spdef>
    <ev_speed>164</ev_speed>
    <move>Flamethrower</move>
    <move>Will-O-Wisp</move>
    <move>Substitute</move>
    <move>Rest</move>
    <move>Hidden Power Fighting</move>
    <move>Hypnosis</move>
    <move>Protect</move>
    <move>Energy Ball</move>
  </moveset>
  <moveset name="Offensive">
    <nature>Timid</nature>
    <ability>1</ability>
    <item>Life Orb</item>
    <ev_spatk>252</ev_spatk>
    <ev_spdef>4</ev_spdef>
    <ev_speed>252</ev_speed>
    <move>Fire Blast</move>
    <move>Flamethrower</move>
    <move>Will-O-Wisp</move>
    <move>Energy Ball</move>
    <move>Hidden Power Ground</move>
    <move>Hypnosis</move>
    <move>Nasty Plot</move>
  </moveset>
  <moveset name="Choice">
    <nature>Timid</nature>
    <ability>1</ability>
    <item>Choice Specs</item>
    <ev_spatk>252</ev_spatk>
    <ev_spdef>4</ev_spdef>
    <ev_speed>252</ev_speed>
    <move>Overheat</move>
    <move>Fire Blast</move>
    <move>Energy Ball</move>
    <move>Hidden Power Fighting</move>
    <move>Hidden Power Ground</move>
    <move>Flamethrower</move>
    <move>Hypnosis</move>
  </moveset>
</list>