﻿<?xml version="1.0" encoding="utf-8"?>
<list>
  <moveset name="Bulky Water">
    <nature>Relaxed</nature>
    <ability>2</ability>
    <item>Leftovers</item>
    <ev_hp>252</ev_hp>
    <ev_def>252</ev_def>
    <ev_spatk>252</ev_spatk>
    <ev_spdef>4</ev_spdef>
    <ev_speed>252</ev_speed>
    <move>Scald</move>
    <move>Recover</move>
    <move>Earthquake</move>
    <move>Yawn</move>
    <move>Toxic</move>
  </moveset>
  <moveset name="Curse">
    <nature>Impish</nature>
    <ability>2</ability>
    <item>Leftovers</item>
    <ev_hp>252</ev_hp>
    <ev_def>252</ev_def>
    <ev_spdef>4</ev_spdef>
    <move>Curse</move>
    <move>Earthquake</move>
    <move>Recover</move>
    <move>Waterfall</move>
    <move>Stone Edge</move>
  </moveset>
</list>