﻿<?xml version="1.0" encoding="utf-8"?>
<list>
  <moveset name="Choice">
    <nature>Timid</nature>
    <item>Choice Specs</item>
    <ev_def>4</ev_def>
    <ev_spatk>252</ev_spatk>
    <ev_speed>252</ev_speed>
    <gender>0</gender>
    <move>Blue Flare</move>
    <move>Draco Meteor</move>
    <move>Flamethrower</move>
    <move>Dragon Pulse</move>
  </moveset>
  <moveset name="Life Orb">
    <nature>Hasty</nature>
    <item>Life Orb</item>
    <ev_atk>4</ev_atk>
    <ev_spatk>252</ev_spatk>
    <ev_speed>252</ev_speed>
    <gender>0</gender>
    <move>Flame Charge</move>
    <move>Blue Flare</move>
    <move>Draco Meteor</move>
    <move>Outrage</move>
    <move>Dragon Pulse</move>
  </moveset>
</list>