﻿<?xml version="1.0" encoding="utf-8"?>
<list>
  <moveset name="Calm Mind">
    <nature>Bold</nature>
    <ability>1</ability>
    <item>Leftovers</item>
    <ev_hp>252</ev_hp>
    <ev_def>252</ev_def>
    <ev_spatk>4</ev_spatk>
    <move>Calm Mind</move>
    <move>Recover</move>
    <move>Psychic</move>
    <move>Psyshock</move>
    <move>Focus Blast</move>
    <move>Hidden Power Fighting</move>
  </moveset>
  <moveset name="Trick Room">
    <nature>Quiet</nature>
    <ability>1</ability>
    <item>Life Orb</item>
    <ev_hp>252</ev_hp>
    <ev_def>4</ev_def>
    <ev_spatk>252</ev_spatk>
    <iv_speed>0</iv_speed>
    <move>Trick Room</move>
    <move>Psychic</move>
    <move>Focus Blast</move>
    <move>Shadow Ball</move>
    <move>Psyshock</move>
    <move>Hidden Power Fighting</move>
    <move>Hidden Power Fire</move>
  </moveset>
</list>