﻿<?xml version="1.0" encoding="utf-8"?>
<list>
  <moveset name="Standard">
    <nature>Modest</nature>
    <item>Leftovers</item>
    <ev_hp>128</ev_hp>
    <ev_spatk>252</ev_spatk>
    <ev_speed>128</ev_speed>
    <move>Thunderbolt</move>
    <move>Hydro Pump</move>
    <move>Will-O-Wisp</move>
    <move>Hidden Power Fire</move>
    <move>Pain Split</move>
    <move>Hidden Power Ice</move>
  </moveset>
  <moveset name="Choice">
    <nature>Timid</nature>
    <item>Choice Specs</item>
    <ev_spatk>252</ev_spatk>
    <ev_spdef>4</ev_spdef>
    <ev_speed>252</ev_speed>
    <move>Thunderbolt</move>
    <move>Volt Switch</move>
    <move>Hydro Pump</move>
    <move>Hidden Power Fire</move>
    <move>Hidden Power Ice</move>
    <move>Trick</move>
  </moveset>
</list>