﻿<?xml version="1.0" encoding="utf-8"?>
<list>
  <moveset name="Support">
    <nature>Careful</nature>
    <ability>2</ability>
    <item>Leftovers</item>
    <ev_hp>252</ev_hp>
    <ev_def>124</ev_def>
    <ev_spdef>132</ev_spdef>
    <move>Will-O-Wisp</move>
    <move>Toxic</move>
    <move>Confuse Ray</move>
    <move>Recover</move>
    <move>Night Shade</move>
    <move>Taunt</move>
    <move>Substitute</move>
    <move>Knock Off</move>
    <move>Torment</move>
  </moveset>
  <moveset name="Calm Mind">
    <nature>Bold</nature>
    <ability>2</ability>
    <item>Leftovers</item>
    <ev_hp>252</ev_hp>
    <ev_def>252</ev_def>
    <ev_spdef>4</ev_spdef>
    <move>Calm Mind</move>
    <move>Recover</move>
    <move>Will-O-Wisp</move>
    <move>Taunt</move>
    <move>Shadow Ball</move>
  </moveset>
  <moveset name="Trick">
    <nature>Calm</nature>
    <ability>2</ability>
    <item>Iron Ball</item>
    <ev_hp>252</ev_hp>
    <ev_def>124</ev_def>
    <ev_spdef>132</ev_spdef>
    <move>Trick</move>
    <move>Recover</move>
    <move>Will-O-Wisp</move>
    <move>Taunt</move>
    <move>Night Shade</move>
    <move>Toxic</move>
    <move>Confuse Ray</move>
    <move>Taunt</move>
  </moveset>
</list>