﻿<?xml version="1.0" encoding="utf-8"?>
<list>
  <moveset name="Dragon Dance">
    <nature>Naive</nature>
    <item>Life Orb</item>
    <ev_atk>252</ev_atk>
    <ev_spatk>4</ev_spatk>
    <ev_speed>252</ev_speed>
    <move>Dragon Dance</move>
    <move>Outrage</move>
    <move>Dragon Claw</move>
    <move>Earthquake</move>
    <move>Roost</move>
    <move>Fire Blast</move>
  </moveset>
  <moveset name="MixMence">
    <nature>Naive</nature>
    <item>Life Orb</item>
    <ev_atk>16</ev_atk>
    <ev_spatk>240</ev_spatk>
    <ev_speed>252</ev_speed>
    <move>Draco Meteor</move>
    <move>Outrage</move>
    <move>Dragon Claw</move>
    <move>Fire Blast</move>
    <move>Roost</move>
    <move>Brick Break</move>
  </moveset>
</list>