﻿<?xml version="1.0" encoding="utf-8"?>
<list>
  <moveset name="Choice Band">
    <nature>Adamant</nature>
    <ability>1</ability>
    <item>Choice Band</item>
    <ev_hp>248</ev_hp>
    <ev_atk>252</ev_atk>
    <ev_speed>8</ev_speed>
    <move>Bullet Punch</move>
    <move>Superpower</move>
    <move>Pursuit</move>
    <move>U-turn</move>
    <move>Quick Attack</move>
  </moveset>
  <moveset name="Swords Dance">
    <nature>Adamant</nature>
    <ability>1</ability>
    <item>Life Orb</item>
    <ev_hp>4</ev_hp>
    <ev_atk>252</ev_atk>
    <ev_speed>252</ev_speed>
    <move>Swords Dance</move>
    <move>Bullet Punch</move>
    <move>Superpower</move>
    <move>Brick Break</move>
    <move>Bug Bite</move>
    <move>Roost</move>
    <move>Quick Attack</move>
  </moveset>
</list>