﻿<?xml version="1.0" encoding="utf-8"?>
<list>
  <moveset name="Dragon Dance">
    <nature>Jolly</nature>
    <item>Life Orb</item>
    <ev_hp>4</ev_hp>
    <ev_atk>252</ev_atk>
    <ev_speed>252</ev_speed>
    <move>Dragon Dance</move>
    <move>Hi Jump Kick</move>
    <move>Drain Punch</move>
    <move>Crunch</move>
    <move>Ice Punch</move>
    <move>Taunt</move>
  </moveset>
  <moveset name="Bulk Up">
    <nature>Careful</nature>
    <item>Leftovers</item>
    <ev_hp>252</ev_hp>
    <ev_atk>8</ev_atk>
    <ev_spdef>248</ev_spdef>
    <move>Bulk Up</move>
    <move>Drain Punch</move>
    <move>Payback</move>
    <move>Crunch</move>
    <move>Rest</move>
    <move>Ice Punch</move>
  </moveset>
</list>