﻿<?xml version="1.0" encoding="utf-8"?>
<list>
  <moveset name="Stealth Rock">
    <nature>Relaxed</nature>
    <item>Leftovers</item>
    <ev_hp>252</ev_hp>
    <ev_def>252</ev_def>
    <ev_spdef>4</ev_spdef>
    <move>Stealth Rock</move>
    <move>Earthquake</move>
    <move>Ice Beam</move>
    <move>Roar</move>
    <move>Surf</move>
    <move>Scald</move>
  </moveset>
  <moveset name="Physical Attacker">
    <nature>Adamant</nature>
    <item>Choice Band</item>
    <ev_hp>164</ev_hp>
    <ev_atk>252</ev_atk>
    <ev_speed>92</ev_speed>
    <move>Waterfall</move>
    <move>Earthquake</move>
    <move>Avalanche</move>
    <move>Hammer Arm</move>
    <move>Stone Edge</move>
    <move>Ice Punch</move>
    <move>Aqua Tail</move>
    <move>Superpower</move>
  </moveset>
  <moveset name="Defensive Curse">
    <nature>Careful</nature>
    <item>Leftovers</item>
    <ev_hp>252</ev_hp>
    <ev_atk>4</ev_atk>
    <ev_spdef>252</ev_spdef>
    <move>Curse</move>
    <move>Earthquake</move>
    <move>Waterfall</move>
    <move>Avalanche</move>
    <move>Rest</move>
    <move>Sleep Talk</move>
    <move>Aqua Tail</move>
  </moveset>
  <moveset name="Offensive Curse">
    <nature>Adamant</nature>
    <item>Leftovers</item>
    <ev_hp>252</ev_hp>
    <ev_atk>252</ev_atk>
    <ev_spdef>4</ev_spdef>
    <move>Curse</move>
    <move>Earthquake</move>
    <move>Waterfall</move>
    <move>Avalanche</move>
    <move>Stone Edge</move>
    <move>Aqua Tail</move>
  </moveset>
  <moveset name="Restalk">
    <nature>Relaxed</nature>
    <item>Leftovers</item>
    <ev_hp>240</ev_hp>
    <ev_def>216</ev_def>
    <ev_spdef>52</ev_spdef>
    <move>Rest</move>
    <move>Sleep Talk</move>
    <move>Earthquake</move>
    <move>Scald</move>
    <move>Ice Beam</move>
    <move>Roar</move>
  </moveset>
</list>