﻿<?xml version="1.0" encoding="utf-8"?>
<list>
  <moveset name="Nasty Plot Sweeper">
    <nature>Timid</nature>
    <item>Life Orb</item>
    <ev_hp>4</ev_hp>
    <ev_spatk>252</ev_spatk>
    <ev_speed>252</ev_speed>
    <gender>0</gender>
    <move>Nasty Plot</move>
    <move>Thunderbolt</move>
    <move>Hidden Power Ice</move>
    <move>Focus Blast</move>
    <move>Taunt</move>
  </moveset>
  <moveset name="Mischievous Heart">
    <nature>Timid</nature>
    <item>Life Orb</item>
    <ev_hp>4</ev_hp>
    <ev_spatk>252</ev_spatk>
    <ev_speed>252</ev_speed>
    <gender>0</gender>
    <move>Thunderbolt</move>
    <move>Volt Switch</move>
    <move>Thunder Wave</move>
    <move>Focus Blast</move>
    <move>Taunt</move>
    <move>Hidden Power Ice</move>
  </moveset>
  <moveset name="Choice Scarf">
    <nature>Timid</nature>
    <item>Choice Scarf</item>
    <ev_hp>4</ev_hp>
    <ev_spatk>252</ev_spatk>
    <ev_speed>252</ev_speed>
    <gender>0</gender>
    <move>Thunderbolt</move>
    <move>Hidden Power Ice</move>
    <move>Focus Blast</move>
    <move>Hammer Arm</move>
    <move>Volt Switch</move>
  </moveset>
  <moveset name="Mixed Stall Breaker">
    <nature>Naive</nature>
    <item>Expert Belt</item>
    <ev_atk>192</ev_atk>
    <ev_spatk>64</ev_spatk>
    <ev_speed>252</ev_speed>
    <gender>0</gender>
    <move>Thunderbolt</move>
    <move>Hidden Power Ice</move>
    <move>Hammer Arm</move>
    <move>Taunt</move>
    <move>U-turn</move>
  </moveset>
</list>