﻿<?xml version="1.0" encoding="utf-8"?>
<list>
  <moveset name="Offensive Calm Mind">
    <nature>Timid</nature>
    <item>Life Orb</item>
    <ev_hp>4</ev_hp>
    <ev_spatk>252</ev_spatk>
    <ev_speed>252</ev_speed>
    <gender>0</gender>
    <move>Calm Mind</move>
    <move>Giga Drain</move>
    <move>Focus Blast</move>
    <move>Hidden Power Ice</move>
    <move>Taunt</move>
    <move>Hidden Power Fire</move>
  </moveset>
  <moveset name="Swords Dance">
    <nature>Jolly</nature>
    <item>Life Orb</item>
    <ev_hp>4</ev_hp>
    <ev_atk>252</ev_atk>
    <ev_speed>252</ev_speed>
    <gender>0</gender>
    <move>Swords Dance</move>
    <move>Close Combat</move>
    <move>Stone Edge</move>
    <move>Leaf Blade</move>
    <move>Hidden Power Ice</move>
  </moveset>
  <moveset name="Defensive Calm Mind">
    <nature>Timid</nature>
    <item>Leftovers</item>
    <ev_hp>252</ev_hp>
    <ev_def>96</ev_def>
    <ev_spatk>8</ev_spatk>
    <ev_speed>152</ev_speed>
    <gender>0</gender>
    <move>Calm Mind</move>
    <move>Giga Drain</move>
    <move>Focus Blast</move>
    <move>Hidden Power Ice</move>
    <move>Hidden Power Fire</move>
  </moveset>
</list>