﻿<?xml version="1.0" encoding="utf-8"?>
<list>
  <moveset name="Utility">
    <nature>Timid</nature>
    <ability>2</ability>
    <item>Focus Sash</item>
    <ev_hp>4</ev_hp>
    <ev_spatk>252</ev_spatk>
    <ev_speed>252</ev_speed>
    <move>Psychic</move>
    <move>Psyshock</move>
    <move>Focus Blast</move>
    <move>Hidden Power Ice</move>
    <move>Shadow Ball</move>
    <move>Hidden Power Fire</move>
  </moveset>
  <moveset name="Calm Mind + 3 Attacks">
    <nature>Timid</nature>
    <ability>2</ability>
    <item>Life Orb</item>
    <ev_hp>4</ev_hp>
    <ev_spatk>252</ev_spatk>
    <ev_speed>252</ev_speed>
    <move>Calm Mind</move>
    <move>Psychic</move>
    <move>Psyshock</move>
    <move>Focus Blast</move>
    <move>Shadow Ball</move>
  </moveset>
  <moveset name="Choice Specs">
    <nature>Timid</nature>
    <ability>2</ability>
    <item>Choice Specs</item>
    <ev_hp>4</ev_hp>
    <ev_spatk>252</ev_spatk>
    <ev_speed>252</ev_speed>
    <move>Trick</move>
    <move>Psychic</move>
    <move>Psyshock</move>
    <move>Focus Blast</move>
    <move>Shadow Ball</move>
  </moveset>
  <moveset name="Encore">
    <nature>Timid</nature>
    <ability>2</ability>
    <item>Leftovers</item>
    <ev_hp>4</ev_hp>
    <ev_spatk>252</ev_spatk>
    <ev_speed>252</ev_speed>
    <move>Calm Mind</move>
    <move>Encore</move>
    <move>Psychic</move>
    <move>Psyshock</move>
    <move>Focus Blast</move>
    <move>Signal Beam</move>
    <move>Substitute</move>
  </moveset>
  <moveset name="Attacking Lead">
    <nature>Timid</nature>
    <ability>1</ability>
    <item>Focus Sash</item>
    <ev_hp>4</ev_hp>
    <ev_spatk>252</ev_spatk>
    <ev_speed>252</ev_speed>
    <move>Taunt</move>
    <move>Psychic</move>
    <move>Focus Blast</move>
    <move>Signal Beam</move>
    <move>Counter</move>
  </moveset>
  <moveset name="Dual Screens">
    <nature>Timid</nature>
    <ability>2</ability>
    <item>Light Clay</item>
    <ev_hp>252</ev_hp>
    <ev_def>40</ev_def>
    <ev_speed>216</ev_speed>
    <move>Reflect</move>
    <move>Light Screen</move>
    <move>Encore</move>
    <move>Taunt</move>
    <move>Psychic</move>
  </moveset>
</list>