﻿<?xml version="1.0" encoding="utf-8"?>
<list>
  <moveset name="Offensive Chicken">
    <nature>Adamant</nature>
    <ability>1</ability>
    <item>Life Orb</item>
    <ev_hp>4</ev_hp>
    <ev_atk>252</ev_atk>
    <ev_speed>252</ev_speed>
    <move>Hi Jump Kick</move>
    <move>Flare Blitz</move>
    <move>Stone Edge</move>
    <move>Swords Dance</move>
    <move>Hone Claws</move>
    <move>Protect</move>
    <move>Baton Pass</move>
    <move>Blaze Kick</move>
    <move>Sky Uppercut</move>
  </moveset>
  <moveset name="MixKen">
    <nature>Naive</nature>
    <item>Life Orb</item>
    <ev_atk>60</ev_atk>
    <ev_spatk>252</ev_spatk>
    <ev_speed>196</ev_speed>
    <move>Hi Jump Kick</move>
    <move>Fire Blast</move>
    <move>Stone Edge</move>
    <move>Hidden Power Grass</move>
    <move>Hidden Power Electric</move>
  </moveset>
</list>