﻿<?xml version="1.0" encoding="utf-8"?>
<list>
  <moveset name="Life Orb">
    <nature>Adamant</nature>
    <ability>2</ability>
    <item>Life Orb</item>
    <ev_hp>4</ev_hp>
    <ev_atk>252</ev_atk>
    <ev_speed>252</ev_speed>
    <move>Swords Dance</move>
    <move>Spore</move>
    <move>Mach Punch</move>
    <move>Bullet Seed</move>
    <move>Stone Edge</move>
    <move>Drain Punch</move>
  </moveset>
  <moveset name="SubPunch">
    <nature>Adamant</nature>
    <ability>1</ability>
    <item>Toxic Orb</item>
    <ev_hp>12</ev_hp>
    <ev_atk>252</ev_atk>
    <ev_speed>244</ev_speed>
    <move>Substitute</move>
    <move>Focus Punch</move>
    <move>Seed Bomb</move>
    <move>Spore</move>
    <move>Stone Edge</move>
  </moveset>
  <moveset name="SubSeed">
    <nature>Impish</nature>
    <ability>1</ability>
    <item>Toxic Orb</item>
    <ev_hp>236</ev_hp>
    <ev_def>252</ev_def>
    <ev_speed>20</ev_speed>
    <move>Substitute</move>
    <move>Leech Seed</move>
    <move>Spore</move>
    <move>Focus Punch</move>
  </moveset>
</list>