﻿<?xml version="1.0" encoding="utf-8"?>
<list>
  <moveset name="Sunny Day Abuse">
    <nature>Timid</nature>
    <ability>1</ability>
    <item>Expert Belt</item>
    <ev_def>4</ev_def>
    <ev_spatk>252</ev_spatk>
    <ev_speed>252</ev_speed>
    <move>Fire Blast</move>
    <move>Air Slash</move>
    <move>SolarBeam</move>
    <move>Focus Blast</move>
    <move>Dragon Pulse</move>
  </moveset>
  <moveset name="Choice">
    <nature>Timid</nature>
    <ability>1</ability>
    <item>Choice Specs</item>
    <ev_def>4</ev_def>
    <ev_spatk>252</ev_spatk>
    <ev_speed>252</ev_speed>
    <move>Fire Blast</move>
    <move>Flamethrower</move>
    <move>Hidden Power Grass</move>
    <move>Focus Blast</move>
    <move>Air Slash</move>
    <move>Dragon Pulse</move>
  </moveset>
</list>