﻿<?xml version="1.0" encoding="utf-8"?>
<list>
  <moveset name="Hazards Lead">
    <nature>Jolly</nature>
    <item>Leftovers</item>
    <ev_hp>252</ev_hp>
    <ev_def>4</ev_def>
    <ev_speed>252</ev_speed>
    <gender>0</gender>
    <move>Spikes</move>
    <move>Magic Coat</move>
    <move>Taunt</move>
    <move>Stealth Rock</move>
  </moveset>
  <moveset name="Dual Screen">
    <nature>Jolly</nature>
    <item>Light Clay</item>
    <ev_hp>252</ev_hp>
    <ev_def>4</ev_def>
    <ev_speed>252</ev_speed>
    <gender>0</gender>
    <move>Reflect</move>
    <move>Light Screen</move>
    <move>Taunt</move>
    <move>Spikes</move>
    <move>Magic Coat</move>
  </moveset>
  <moveset name="Attacking Lead">
    <nature>Naive</nature>
    <item>Life Orb</item>
    <ev_atk>4</ev_atk>
    <ev_spatk>252</ev_spatk>
    <ev_speed>252</ev_speed>
    <gender>0</gender>
    <move>Ice Beam</move>
    <move>Superpower</move>
    <move>Hidden Power Fire</move>
    <move>Spikes</move>
    <move>Stealth Rock</move>
  </moveset>
</list>