﻿<?xml version="1.0" encoding="utf-8"?>
<list>
  <moveset name="EspyJump">
    <nature>Timid</nature>
    <ability>1</ability>
    <item>Leftovers</item>
    <ev_hp>252</ev_hp>
    <ev_spdef>80</ev_spdef>
    <ev_speed>176</ev_speed>
    <move>Calm Mind</move>
    <move>Psychic</move>
    <move>Psyshock</move>
    <move>Baton Pass</move>
    <move>Substitute</move>
  </moveset>
  <moveset name="Calm Mind Attacker">
    <nature>Timid</nature>
    <ability>1</ability>
    <item>Leftovers</item>
    <ev_hp>4</ev_hp>
    <ev_spatk>252</ev_spatk>
    <ev_speed>252</ev_speed>
    <move>Calm Mind</move>
    <move>Psyshock</move>
    <move>Psychic</move>
    <move>Shadow Ball</move>
    <move>Hidden Power Fighting</move>
  </moveset>
  <moveset name="Life Orb">
    <nature>Timid</nature>
    <item>Life Orb</item>
    <ev_hp>4</ev_hp>
    <ev_spatk>252</ev_spatk>
    <ev_speed>252</ev_speed>
    <move>Baton Pass</move>
    <move>Psychic</move>
    <move>Psyshock</move>
    <move>Hidden Power Fire</move>
    <move>Hidden Power Ice</move>
    <move>Grass Knot</move>
  </moveset>
  <moveset name="Dual Screen">
    <nature>Timid</nature>
    <item>Light Clay</item>
    <ev_hp>252</ev_hp>
    <ev_def>80</ev_def>
    <ev_speed>176</ev_speed>
    <move>Light Screen</move>
    <move>Reflect</move>
    <move>Psychic</move>
    <move>Hidden Power Fire</move>
    <move>Hidden Power Fighting</move>
    <move>Morning Sun</move>
  </moveset>
</list>