﻿<?xml version="1.0" encoding="utf-8"?>
<list>
  <moveset name="Standard">
    <nature>Sassy</nature>
    <item>Leftovers</item>
    <ev_hp>252</ev_hp>
    <ev_def>4</ev_def>
    <ev_spdef>252</ev_spdef>
    <iv_speed>0</iv_speed>
    <move>Spikes</move>
    <move>Leech Seed</move>
    <move>Gyro Ball</move>
    <move>Protect</move>
    <move>Thunder Wave</move>
    <move>Power Whip</move>
    <move>Stealth Rock</move>
  </moveset>
  <moveset name="Choice Band">
    <nature>Brave</nature>
    <item>Choice Band</item>
    <ev_hp>252</ev_hp>
    <ev_atk>252</ev_atk>
    <ev_spdef>4</ev_spdef>
    <move>Gyro Ball</move>
    <move>Power Whip</move>
    <move>Bulldoze</move>
    <move>Spikes</move>
    <move>Explosion</move>
  </moveset>
  <moveset name="Curse">
    <nature>Sassy</nature>
    <item>Leftovers</item>
    <ev_hp>252</ev_hp>
    <ev_atk>4</ev_atk>
    <ev_spdef>252</ev_spdef>
    <iv_speed>0</iv_speed>
    <move>Curse</move>
    <move>Gyro Ball</move>
    <move>Power Whip</move>
    <move>Bulldoze</move>
    <move>Explosion</move>
    <move>Rest</move>
    <move>Leech Seed</move>
  </moveset>
</list>