﻿<?xml version="1.0" encoding="utf-8"?>
<list>
  <moveset name="YacheChomp">
    <nature>Jolly</nature>
    <item>Yache Berry</item>
    <ev_hp>4</ev_hp>
    <ev_atk>252</ev_atk>
    <ev_speed>252</ev_speed>
    <move>Swords Dance</move>
    <move>Earthquake</move>
    <move>Outrage</move>
    <move>Dragon Claw</move>
    <move>Fire Fang</move>
    <move>Fire Blast</move>
  </moveset>
  <moveset name="ScarfChomp">
    <nature>Jolly</nature>
    <item>Choice Scarf</item>
    <ev_hp>4</ev_hp>
    <ev_atk>252</ev_atk>
    <ev_speed>252</ev_speed>
    <move>Outrage</move>
    <move>Dragon Claw</move>
    <move>Earthquake</move>
    <move>Crunch</move>
    <move>Stone Edge</move>
    <move>Fire Blast</move>
  </moveset>
  <moveset name="Choice Band">
    <nature>Adamant</nature>
    <item>Choice Band</item>
    <ev_hp>4</ev_hp>
    <ev_atk>252</ev_atk>
    <ev_speed>252</ev_speed>
    <move>Outrage</move>
    <move>Dragon Claw</move>
    <move>Earthquake</move>
    <move>Stone Edge</move>
    <move>Fire Fang</move>
  </moveset>
  <moveset name="Sub BrightPowder">
    <nature>Jolly</nature>
    <item>BrightPowder</item>
    <ev_atk>252</ev_atk>
    <ev_def>4</ev_def>
    <ev_speed>252</ev_speed>
    <move>Substitute</move>
    <move>Swords Dance</move>
    <move>Earthquake</move>
    <move>Dragon Claw</move>
    <move>Outrage</move>
  </moveset>
  <moveset name="Bulky SD 1">
    <nature>Impish</nature>
    <item>Leftovers</item>
    <ev_hp>248</ev_hp>
    <ev_def>244</ev_def>
    <ev_speed>16</ev_speed>
    <move>Substitute</move>
    <move>Swords Dance</move>
    <move>Earthquake</move>
    <move>Dragon Claw</move>
  </moveset>
  <moveset name="Bulky SD 2">
    <nature>Impish</nature>
    <item>Leftovers</item>
    <ev_hp>196</ev_hp>
    <ev_atk>8</ev_atk>
    <ev_def>144</ev_def>
    <ev_speed>160</ev_speed>
    <move>Swords Dance</move>
    <move>Substitute</move>
    <move>Earthquake</move>
    <move>Dragon Claw</move>
  </moveset>
</list>