﻿<?xml version="1.0" encoding="utf-8"?>
<list>
  <moveset name="Fling">
    <nature>Impish</nature>
    <ability>2</ability>
    <item>Toxic Orb</item>
    <ev_hp>252</ev_hp>
    <ev_def>184</ev_def>
    <ev_speed>72</ev_speed>
    <move>Fling</move>
    <move>Earthquake</move>
    <move>Acrobatics</move>
    <move>Protect</move>
    <move>Taunt</move>
    <move>Swords Dance</move>
    <move>Ice Fang</move>
  </moveset>
  <moveset name="Defensive">
    <nature>Impish</nature>
    <ability>2</ability>
    <item>Toxic Orb</item>
    <ev_hp>252</ev_hp>
    <ev_def>184</ev_def>
    <ev_speed>72</ev_speed>
    <move>Earthquake</move>
    <move>Toxic</move>
    <move>Protect</move>
    <move>Taunt</move>
    <move>Ice Fang</move>
    <move>Facade</move>
  </moveset>
  <moveset name="Offensive">
    <nature>Jolly</nature>
    <ability>2</ability>
    <item>Toxic Orb</item>
    <ev_hp>40</ev_hp>
    <ev_atk>252</ev_atk>
    <ev_speed>216</ev_speed>
    <move>Fling</move>
    <move>Acrobatics</move>
    <move>Earthquake</move>
    <move>Ice Fang</move>
    <move>Taunt</move>
    <move>Swords Dance</move>
    <move>Protect</move>
    <move>Facade</move>
  </moveset>
</list>