﻿<?xml version="1.0" encoding="utf-8"?>
<list>
  <moveset name="Shell Smash Sweeper">
    <nature>Modest</nature>
    <item>Life Orb</item>
    <ev_hp>4</ev_hp>
    <ev_spatk>252</ev_spatk>
    <ev_speed>252</ev_speed>
    <move>Shell Smash</move>
    <move>Surf</move>
    <move>Hidden Power Grass</move>
    <move>Hidden Power Fighting</move>
    <move>Ice Beam</move>
  </moveset>
  <moveset name="Shell Smash BP">
    <nature>Calm</nature>
    <item>White Herb</item>
    <ev_hp>252</ev_hp>
    <ev_spdef>4</ev_spdef>
    <ev_speed>252</ev_speed>
    <move>Shell Smash</move>
    <move>Baton Pass</move>
    <move>Surf</move>
    <move>Ice Beam</move>
    <move>Hidden Power Grass</move>
    <move>Hidden Power Fire</move>
  </moveset>
</list>