﻿<?xml version="1.0" encoding="utf-8"?>
<list>
  <moveset name="Wall">
    <nature>Bold</nature>
    <item>Leftovers</item>
    <ev_hp>252</ev_hp>
    <ev_def>224</ev_def>
    <ev_spdef>32</ev_spdef>
    <move>Scald</move>
    <move>Surf</move>
    <move>Toxic</move>
    <move>Will-O-Wisp</move>
    <move>Shadow Ball</move>
    <move>Ice Beam</move>
    <move>Recover</move>
  </moveset>
  <moveset name="Stall Breaker">
    <nature>Bold</nature>
    <item>Leftovers</item>
    <ev_hp>248</ev_hp>
    <ev_def>176</ev_def>
    <ev_speed>84</ev_speed>
    <move>Surf</move>
    <move>Taunt</move>
    <move>Will-O-Wisp</move>
    <move>Recover</move>
  </moveset>
</list>