﻿<?xml version="1.0" encoding="utf-8"?>
<list>
  <moveset name="Calm Mind">
    <nature>Timid</nature>
    <item>Life Orb</item>
    <ev_hp>4</ev_hp>
    <ev_spatk>252</ev_spatk>
    <ev_speed>252</ev_speed>
    <move>Calm Mind</move>
    <move>Hydro Pump</move>
    <move>Surf</move>
    <move>Secret Sword</move>
    <move>Focus Blast</move>
    <move>Hidden Power Ghost</move>
    <move>Hidden Power Electric </move>
  </moveset>
  <moveset name="Swords Dance">
    <nature>Jolly</nature>
    <item>Life Orb</item>
    <ev_hp>4</ev_hp>
    <ev_atk>252</ev_atk>
    <ev_speed>252</ev_speed>
    <move>Swords Dance</move>
    <move>Aqua Jet</move>
    <move>Aqua Tail</move>
    <move>Close Combat</move>
    <move>X-Scissor</move>
    <move>Stone Edge</move>
  </moveset>
  <moveset name="Lead Attacker">
    <nature>Modest</nature>
    <item>Life Orb</item>
    <ev_atk>4</ev_atk>
    <ev_spatk>252</ev_spatk>
    <ev_speed>252</ev_speed>
    <move>Hydro Pump</move>
    <move>Secret Sword</move>
    <move>Aqua Jet</move>
    <move>Taunt</move>
    <move>Hidden Power Electric</move>
  </moveset>
</list>