﻿<?xml version="1.0" encoding="utf-8"?>
<list>
  <moveset name="Mixed Dragon Dancer ">
    <nature>Naughty</nature>
    <item>Life Orb</item>
    <ev_hp>204</ev_hp>
    <ev_atk>252</ev_atk>
    <ev_spatk>4</ev_spatk>
    <ev_speed>48</ev_speed>
    <move>Dragon Dance</move>
    <move>Waterfall</move>
    <move>Hydro Pump</move>
    <move>Outrage</move>
  </moveset>
  <moveset name="SubDance">
    <nature>Adamant</nature>
    <item>Leftovers</item>
    <ev_hp>4</ev_hp>
    <ev_atk>252</ev_atk>
    <ev_speed>252</ev_speed>
    <move>Dragon Dance</move>
    <move>Waterfall</move>
    <move>Outrage</move>
    <move>Substitute</move>
  </moveset>
  <moveset name="ChestoRest">
    <nature>Adamant</nature>
    <item>Chesto Berry</item>
    <ev_hp>216</ev_hp>
    <ev_atk>64</ev_atk>
    <ev_speed>228</ev_speed>
    <move>Dragon Dance</move>
    <move>Waterfall</move>
    <move>Outrage</move>
    <move>Rest</move>
  </moveset>
  <moveset name="Choice Specs">
    <nature>Modest</nature>
    <item>Choice Specs</item>
    <ev_hp>4</ev_hp>
    <ev_spatk>252</ev_spatk>
    <ev_speed>252</ev_speed>
    <move>Draco Meteor</move>
    <move>Dragon Pulse</move>
    <move>Hydro Pump</move>
    <move>Surf</move>
    <move>Hidden Power Fighting</move>
    <move>Hidden Power Fire</move>
  </moveset>
</list>