﻿<?xml version="1.0" encoding="utf-8"?>
<list>
  <moveset name="Swords Dance">
    <nature>Adamant</nature>
    <ability>1</ability>
    <item>Life Orb</item>
    <ev_hp>4</ev_hp>
    <ev_atk>252</ev_atk>
    <ev_speed>252</ev_speed>
    <move>Swords Dance</move>
    <move>Close Combat</move>
    <move>Crunch</move>
    <move>Stone Edge</move>
    <move>Ice Punch</move>
    <move>ExtremeSpeed</move>
  </moveset>
  <moveset name="Nasty Plot">
    <nature>Timid</nature>
    <ability>1</ability>
    <item>Life Orb</item>
    <ev_hp>4</ev_hp>
    <ev_spatk>252</ev_spatk>
    <ev_speed>252</ev_speed>
    <move>Nasty Plot</move>
    <move>Aura Sphere</move>
    <move>Shadow Ball</move>
    <move>Vacuum Wave</move>
    <move>Hidden Power Ice</move>
  </moveset>
  <moveset name="Agility">
    <nature>Adamant</nature>
    <item>Life Orb</item>
    <ev_hp>4</ev_hp>
    <ev_atk>252</ev_atk>
    <ev_speed>252</ev_speed>
    <move>Agility</move>
    <move>Close Combat</move>
    <move>Crunch</move>
    <move>Ice Punch</move>
  </moveset>
  <moveset name="Choice Specs">
    <nature>Modest</nature>
    <ability>1</ability>
    <item>Choice Specs</item>
    <ev_hp>4</ev_hp>
    <ev_spatk>252</ev_spatk>
    <ev_speed>252</ev_speed>
    <move>Aura Sphere</move>
    <move>Vacuum Wave</move>
    <move>Shadow Ball</move>
    <move>Hidden Power Ice</move>
    <move>Dragon Pulse</move>
  </moveset>
  <moveset name="Choice Band">
    <nature>Adamant</nature>
    <ability>2</ability>
    <item>Choice Band</item>
    <ev_hp>4</ev_hp>
    <ev_atk>252</ev_atk>
    <ev_speed>252</ev_speed>
    <move>Close Combat</move>
    <move>ExtremeSpeed</move>
    <move>Crunch</move>
    <move>Ice Punch</move>
    <move>Stone Edge</move>
  </moveset>
</list>