﻿<?xml version="1.0" encoding="utf-8"?>
<list>
  <moveset name="Choice Scarf">
    <nature>Timid</nature>
    <ability>2</ability>
    <item>Choice Scarf</item>
    <ev_hp>4</ev_hp>
    <ev_spatk>252</ev_spatk>
    <ev_speed>252</ev_speed>
    <move>Surf</move>
    <move>Boiling Water </move>
    <move>Hypnosis</move>
    <move>Hidden Power Electric </move>
    <move>Focus Blast</move>
    <move>Ice Beam </move>
    <move>Psychic</move>
  </moveset>
  <moveset name="Specially Defensive">
    <nature>Calm</nature>
    <ability>2</ability>
    <item>Leftovers</item>
    <ev_hp>252</ev_hp>
    <ev_spatk>4</ev_spatk>
    <ev_spdef>252</ev_spdef>
    <move>Boiling Water </move>
    <move>Hypnosis</move>
    <move>Toxic</move>
    <move>Encore</move>
    <move>Perish Song</move>
    <move>Ice Beam</move>
    <move>Focus Blast</move>
    <move>Protect</move>
  </moveset>
  <moveset name="Choice Specs">
    <nature>Modest</nature>
    <ability>2</ability>
    <item>Choice Specs</item>
    <ev_hp>4</ev_hp>
    <ev_spatk>252</ev_spatk>
    <ev_speed>252</ev_speed>
    <move>Hydro Pump </move>
    <move>Hypnosis</move>
    <move>Hidden Power Electric</move>
    <move>Focus Blast</move>
    <move>Ice Beam</move>
    <move>Toxic</move>
    <move>Psychic</move>
  </moveset>
</list>