﻿<?xml version="1.0" encoding="utf-8"?>
<list>
  <moveset name="Wall">
    <nature>Bold</nature>
    <item>Eviolite</item>
    <ev_hp>252</ev_hp>
    <ev_def>184</ev_def>
    <ev_spdef>72</ev_spdef>
    <move>Discharge</move>
    <move>Thunderbolt</move>
    <move>Ice Beam</move>
    <move>Toxic</move>
    <move>Thunder Wave</move>
    <move>Magic Coat</move>
    <move>Recover</move>
  </moveset>
  <moveset name="Trick Room">
    <nature>Quiet</nature>
    <item>Eviolite</item>
    <ev_hp>252</ev_hp>
    <ev_spatk>252</ev_spatk>
    <ev_spdef>4</ev_spdef>
    <iv_speed>0</iv_speed>
    <move>Trick Room</move>
    <move>Thunderbolt</move>
    <move>Ice Beam</move>
    <move>Recover</move>
    <move>Magic Coat</move>
  </moveset>
</list>