﻿<?xml version="1.0" encoding="utf-8"?>
<list>
  <moveset name="Choice">
    <nature>Timid</nature>
    <ability>1</ability>
    <item>Choice Scarf</item>
    <ev_hp>4</ev_hp>
    <ev_spatk>252</ev_spatk>
    <ev_speed>252</ev_speed>
    <move>Leaf Storm</move>
    <move>Hidden Power Rock</move>
    <move>Hidden Power Ground</move>
    <move>Hidden Power Fire</move>
    <move>Hidden Power Ice</move>
    <move>Giga Drain</move>
    <move>Glare</move>
  </moveset>
  <moveset name="SubSeed">
    <nature>Timid</nature>
    <ability>1</ability>
    <item>Leftovers</item>
    <ev_hp>4</ev_hp>
    <ev_spatk>252</ev_spatk>
    <ev_speed>252</ev_speed>
    <move>Substitute</move>
    <move>Leech Seed</move>
    <move>Leaf Storm</move>
    <move>Hidden Power Fire</move>
    <move>Hidden Power Ice</move>
    <move>Hidden Power Rock</move>
    <move>Hidden Power Ground</move>
    <move>Glare</move>
  </moveset>
  <moveset name="Dual Screen">
    <nature>Timid</nature>
    <ability>1</ability>
    <item>Light Clay</item>
    <ev_hp>252</ev_hp>
    <ev_spatk>24</ev_spatk>
    <ev_speed>216</ev_speed>
    <move>Reflect</move>
    <move>Light Screen</move>
    <move>Leaf Storm</move>
    <move>Hidden Power Ground</move>
    <move>Hidden Power Rock</move>
    <move>Hidden Power Fire</move>
    <move>Hidden Power Ice</move>
    <move>Glare</move>
    <move>Leech Seed</move>
  </moveset>
</list>