﻿<?xml version="1.0" encoding="utf-8"?>
<list>
  <moveset name="Special Attacker">
    <nature>Timid</nature>
    <item>Life Orb</item>
    <ev_hp>4</ev_hp>
    <ev_spatk>252</ev_spatk>
    <ev_speed>252</ev_speed>
    <gender>0</gender>
    <move>Seed Flare</move>
    <move>Earth Power</move>
    <move>Hidden Power Fire</move>
    <move>Hidden Power Ice</move>
    <move>Rest</move>
    <move>Leech Seed</move>
  </moveset>
  <moveset name="Leech Seed">
    <nature>Modest</nature>
    <item>Leftovers</item>
    <ev_hp>252</ev_hp>
    <ev_spatk>76</ev_spatk>
    <ev_speed>180</ev_speed>
    <gender>0</gender>
    <move>Leech Seed</move>
    <move>Seed Flare</move>
    <move>Hidden Power Fire</move>
    <move>Hidden Power Ice</move>
    <move>Earth Power</move>
    <move>Protect</move>
    <move>Substitute</move>
  </moveset>
  <moveset name="Choice Specs">
    <nature>Modest</nature>
    <item>Choice Specs</item>
    <ev_hp>4</ev_hp>
    <ev_spatk>252</ev_spatk>
    <ev_speed>252</ev_speed>
    <move>Seed Flare</move>
    <move>Earth Power</move>
    <move>Hidden Power Ice</move>
    <move>Hidden Power Fire</move>
    <move>Rest</move>
  </moveset>
</list>