﻿<?xml version="1.0" encoding="utf-8"?>
<list>
  <moveset name="Physically Defensive">
    <nature>Impish</nature>
    <ability>1</ability>
    <item>Leftovers</item>
    <ev_hp>252</ev_hp>
    <ev_def>252</ev_def>
    <ev_speed>4</ev_speed>
    <move>Spikes</move>
    <move>Roost</move>
    <move>Whirlwind</move>
    <move>Brave Bird</move>
    <move>Taunt</move>
    <move>Counter</move>
    <move>Stealth Rock</move>
  </moveset>
  <moveset name="Specially Defensive">
    <nature>Careful</nature>
    <ability>1</ability>
    <item>Leftovers</item>
    <ev_hp>252</ev_hp>
    <ev_spdef>252</ev_spdef>
    <ev_speed>4</ev_speed>
    <move>Spikes</move>
    <move>Roost</move>
    <move>Whirlwind</move>
    <move>Brave Bird</move>
    <move>Taunt</move>
    <move>Stealth Rock</move>
  </moveset>
</list>