﻿<?xml version="1.0" encoding="utf-8"?>
<list>
  <moveset name="Bulky Water">
    <nature>Bold</nature>
    <ability>2</ability>
    <item>Leftovers</item>
    <ev_hp>252</ev_hp>
    <ev_def>252</ev_def>
    <ev_spatk>4</ev_spatk>
    <move>Surf</move>
    <move>Scald</move>
    <move>Slack Off</move>
    <move>Flamethrower</move>
    <move>Ice Beam</move>
    <move>Psychic</move>
    <move>Thunder Wave</move>
    <move>Yawn</move>
  </moveset>
  <moveset name="Choice Specs">
    <nature>Modest</nature>
    <ability>2</ability>
    <item>Choice Specs</item>
    <ev_hp>252</ev_hp>
    <ev_def>4</ev_def>
    <ev_spatk>252</ev_spatk>
    <move>Surf</move>
    <move>Psyshock</move>
    <move>Psychic</move>
    <move>Ice Beam</move>
    <move>Fire Blast</move>
    <move>Trick</move>
  </moveset>
  <moveset name="Calm Mind">
    <nature>Bold</nature>
    <ability>2</ability>
    <item>Leftovers</item>
    <ev_hp>252</ev_hp>
    <ev_def>252</ev_def>
    <ev_spdef>4</ev_spdef>
    <move>Calm Mind</move>
    <move>Slack Off</move>
    <move>Scald</move>
    <move>Surf</move>
    <move>Psyshock</move>
    <move>Psychic</move>
  </moveset>
  <moveset name="Trick Room">
    <nature>Relaxed</nature>
    <ability>2</ability>
    <item>Leftovers</item>
    <ev_hp>252</ev_hp>
    <ev_def>252</ev_def>
    <ev_spdef>4</ev_spdef>
    <iv_speed>0</iv_speed>
    <move>Trick Room</move>
    <move>Scald</move>
    <move>Surf</move>
    <move>Flamethrower</move>
    <move>Psyshock</move>
    <move>Slack Off</move>
  </moveset>
</list>