﻿<?xml version="1.0" encoding="utf-8"?>
<list>
  <moveset name="Life Orb">
    <nature>Timid</nature>
    <ability>1</ability>
    <item>Life Orb</item>
    <ev_hp>4</ev_hp>
    <ev_spatk>252</ev_spatk>
    <ev_speed>252</ev_speed>
    <move>Hydro Pump</move>
    <move>Surf</move>
    <move>Ice Beam</move>
    <move>Thunderbolt</move>
    <move>Hidden Power Fire</move>
    <move>Recover</move>
  </moveset>
  <moveset name="Rapid Spin">
    <nature>Timid</nature>
    <ability>1</ability>
    <item>Leftovers</item>
    <ev_hp>4</ev_hp>
    <ev_spatk>252</ev_spatk>
    <ev_speed>252</ev_speed>
    <move>Rapid Spin</move>
    <move>Surf</move>
    <move>Hydro Pump</move>
    <move>Thunderbolt</move>
    <move>Ice Beam</move>
    <move>Recover</move>
  </moveset>
  <moveset name="Choice Specs">
    <nature>Timid</nature>
    <ability>1</ability>
    <item>Choice Specs</item>
    <ev_hp>4</ev_hp>
    <ev_spatk>252</ev_spatk>
    <ev_speed>252</ev_speed>
    <move>Hydro Pump</move>
    <move>Surf</move>
    <move>Ice Beam</move>
    <move>Thunderbolt</move>
    <move>Trick</move>
    <move>Psyshock</move>
  </moveset>
</list>