﻿<?xml version="1.0" encoding="utf-8"?>
<list>
  <moveset name="Toxic Spikes">
    <nature>Calm</nature>
    <ability>2</ability>
    <item>Leftovers</item>
    <ev_hp>252</ev_hp>
    <ev_def>64</ev_def>
    <ev_spdef>176</ev_spdef>
    <ev_speed>16</ev_speed>
    <move>Toxic Spikes</move>
    <move>Rapid Spin</move>
    <move>Surf</move>
    <move>Scald</move>
    <move>Sludge Wave</move>
    <move>Hex</move>
    <move>Sludge Bomb</move>
    <move>Ice Beam</move>
  </moveset>
  <moveset name="Offensive Rapid Spin">
    <nature>Timid</nature>
    <ability>1</ability>
    <item>Life Orb</item>
    <ev_spatk>252</ev_spatk>
    <ev_spdef>4</ev_spdef>
    <ev_speed>252</ev_speed>
    <move>Hydro Pump</move>
    <move>Surf</move>
    <move>Giga Drain</move>
    <move>Toxic Spikes</move>
    <move>Ice Beam</move>
    <move>Rapid Spin</move>
    <move>Sludge Bomb</move>
  </moveset>
</list>