﻿<?xml version="1.0" encoding="utf-8"?>
<list>
  <moveset name="Double Dancer">
    <nature>Adamant</nature>
    <item>Air Balloon</item>
    <ev_hp>4</ev_hp>
    <ev_atk>252</ev_atk>
    <ev_speed>252</ev_speed>
    <move>Swords Dance</move>
    <move>Rock Polish</move>
    <move>Close Combat</move>
    <move>Stone Edge</move>
  </moveset>
  <moveset name="Choice">
    <nature>Jolly</nature>
    <item>Choice Scarf</item>
    <ev_hp>4</ev_hp>
    <ev_atk>252</ev_atk>
    <ev_speed>252</ev_speed>
    <move>Close Combat</move>
    <move>Stone Edge</move>
    <move>X-Scissor</move>
    <move>Earthquake</move>
    <move>Quick Attack</move>
  </moveset>
</list>