﻿<?xml version="1.0" encoding="utf-8"?>
<list>
  <moveset name="Nasty Plot 1">
    <nature>Modest</nature>
    <ability>1</ability>
    <item>Leftovers</item>
    <ev_hp>252</ev_hp>
    <ev_spatk>36</ev_spatk>
    <ev_speed>220</ev_speed>
    <move>Nasty Plot</move>
    <move>Air Slash</move>
    <move>Thunder Wave</move>
    <move>Aura Sphere</move>
    <move>Substitute</move>
  </moveset>
  <moveset name="Nasty Plot 2">
    <nature>Timid</nature>
    <ability>1</ability>
    <item>Life Orb</item>
    <ev_hp>20</ev_hp>
    <ev_spatk>252</ev_spatk>
    <ev_speed>236</ev_speed>
    <move>Nasty Plot</move>
    <move>Air Slash</move>
    <move>Aura Sphere</move>
    <move>Flamethrower</move>
    <move>Roost</move>
  </moveset>
  <moveset name="Choice">
    <nature>Timid</nature>
    <ability>1</ability>
    <item>Choice Scarf</item>
    <ev_hp>4</ev_hp>
    <ev_spatk>252</ev_spatk>
    <ev_speed>252</ev_speed>
    <move>Air Slash</move>
    <move>Flamethrower</move>
    <move>Fire Blast</move>
    <move>Aura Sphere</move>
    <move>Tri Attack</move>
    <move>Trick</move>
  </moveset>
  <moveset name="Paralysis abuser">
    <nature>Calm</nature>
    <ability>1</ability>
    <item>Leftovers</item>
    <ev_hp>252</ev_hp>
    <ev_def>188</ev_def>
    <ev_spdef>68</ev_spdef>
    <move>Thunder Wave</move>
    <move>Body Slam</move>
    <move>Air Slash</move>
    <move>Substitute</move>
    <move>Aura Sphere</move>
    <move>Roost</move>
    <move>Nasty Plot</move>
  </moveset>
  <moveset name="Stall">
    <nature>Calm</nature>
    <ability>1</ability>
    <item>Leftovers</item>
    <ev_hp>252</ev_hp>
    <ev_spatk>58</ev_spatk>
    <ev_spdef>200</ev_spdef>
    <move>Toxic</move>
    <move>Air Slash</move>
    <move>Protect</move>
    <move>Wish</move>
    <move>Roost</move>
    <move>Substitute</move>
    <move>Flamethrower</move>
  </moveset>
  <moveset name="Baton Pass">
    <nature>Timid</nature>
    <ability>1</ability>
    <item>Leftovers</item>
    <ev_hp>252</ev_hp>
    <ev_def>20</ev_def>
    <ev_speed>236</ev_speed>
    <move>Nasty Plot</move>
    <move>Baton Pass</move>
    <move>Substitute</move>
    <move>Air Slash</move>
    <move>Flamethrower</move>
  </moveset>
  <moveset name="Hustle">
    <nature>Naughty</nature>
    <item>Life Orb</item>
    <ev_atk>252</ev_atk>
    <ev_spatk>64</ev_spatk>
    <ev_speed>192</ev_speed>
    <move>Work Up</move>
    <move>ExtremeSpeed</move>
    <move>Flamethrower</move>
    <move>Drain Punch</move>
    <move>Aerial Ace</move>
    <move>Aura Sphere</move>
    <move>Air Slash</move>
  </moveset>
</list>