﻿<?xml version="1.0" encoding="utf-8"?>
<list>
  <moveset name="Swords Dance">
    <nature>Adamant</nature>
    <ability>1</ability>
    <item>Leftovers</item>
    <ev_hp>4</ev_hp>
    <ev_atk>252</ev_atk>
    <ev_speed>252</ev_speed>
    <move>Swords Dance</move>
    <move>Sucker Punch</move>
    <move>Drain Punch</move>
    <move>Substitute</move>
    <move>Taunt</move>
    <move>Stone Edge</move>
    <move>Ice Punch</move>
  </moveset>
  <moveset name="Bulky Toxicroak">
    <nature>Adamant</nature>
    <ability>1</ability>
    <item>Leftovers</item>
    <ev_hp>244</ev_hp>
    <ev_atk>252</ev_atk>
    <ev_def>12</ev_def>
    <move>Bulk Up</move>
    <move>Taunt</move>
    <move>Substitute</move>
    <move>Drain Punch</move>
    <move>Payback</move>
    <move>Sucker Punch</move>
    <move>Ice Punch</move>
  </moveset>
  <moveset name="SubPunch">
    <nature>Adamant</nature>
    <ability>1</ability>
    <item>Leftovers</item>
    <ev_hp>244</ev_hp>
    <ev_atk>252</ev_atk>
    <ev_speed>12</ev_speed>
    <move>Focus Punch</move>
    <move>Substitute</move>
    <move>Sucker Punch</move>
    <move>Payback</move>
    <move>Ice Punch</move>
  </moveset>
  <moveset name="Nasty Plot">
    <nature>Timid</nature>
    <ability>1</ability>
    <item>Life Orb</item>
    <ev_hp>4</ev_hp>
    <ev_spatk>252</ev_spatk>
    <ev_speed>252</ev_speed>
    <move>Nasty Plot</move>
    <move>Vacuum Wave</move>
    <move>Dark Pulse</move>
    <move>Sludge Wave</move>
    <move>Hidden Power Ice</move>
  </moveset>
</list>