﻿<?xml version="1.0" encoding="utf-8"?>
<list>
  <moveset name="Choice Scarf">
    <nature>Jolly</nature>
    <item>Choice Scarf</item>
    <ev_hp>4</ev_hp>
    <ev_atk>252</ev_atk>
    <ev_speed>252</ev_speed>
    <move>Stone Edge</move>
    <move>Crunch</move>
    <move>Pursuit</move>
    <move>Superpower</move>
    <move>Earthquake</move>
  </moveset>
  <moveset name="Choice Band">
    <nature>Adamant</nature>
    <item>Choice Band</item>
    <ev_hp>180</ev_hp>
    <ev_atk>252</ev_atk>
    <ev_speed>76</ev_speed>
    <move>Stone Edge</move>
    <move>Crunch</move>
    <move>Pursuit</move>
    <move>Aqua Tail</move>
    <move>Earthquake</move>
  </moveset>
  <moveset name="Boah">
    <nature>Sassy</nature>
    <item>Leftovers</item>
    <ev_hp>252</ev_hp>
    <ev_atk>40</ev_atk>
    <ev_spatk>96</ev_spatk>
    <ev_spdef>120</ev_spdef>
    <iv_speed>0</iv_speed>
    <move>Substitute</move>
    <move>Focus Punch</move>
    <move>Flamethrower</move>
    <move>Ice Beam</move>
    <move>Thunderbolt</move>
    <move>Crunch</move>
  </moveset>
</list>