﻿<?xml version="1.0" encoding="utf-8"?>
<list>
  <moveset name="Wish Support">
    <nature>Bold</nature>
    <item>Leftovers</item>
    <ev_hp>248</ev_hp>
    <ev_def>252</ev_def>
    <ev_spdef>8</ev_spdef>
    <move>Wish</move>
    <move>Scald</move>
    <move>Protect</move>
    <move>Ice Beam</move>
    <move>Toxic</move>
    <move>Roar</move>
    <move>Surf</move>
    <move>Heal Bell</move>
    <move>Hidden Power Electric</move>
  </moveset>
  <moveset name="Baton Pass">
    <nature>Bold</nature>
    <item>Leftovers</item>
    <ev_hp>248</ev_hp>
    <ev_def>132</ev_def>
    <ev_speed>128</ev_speed>
    <move>Substitute</move>
    <move>Baton Pass</move>
    <move>Acid Armor</move>
    <move>Scald</move>
    <move>Aqua Ring</move>
    <move>Roar</move>
    <move>Wish</move>
  </moveset>
  <moveset name="Hydration">
    <nature>Bold</nature>
    <ability>1</ability>
    <item>Leftovers</item>
    <ev_hp>248</ev_hp>
    <ev_def>252</ev_def>
    <ev_spdef>4</ev_spdef>
    <move>Rest</move>
    <move>Scald</move>
    <move>Ice Beam</move>
    <move>Hidden Power Electric</move>
    <move>Toxic</move>
    <move>Roar</move>
    <move>Surf</move>
  </moveset>
</list>