﻿<?xml version="1.0" encoding="utf-8"?>
<list>
  <moveset name="Growth">
    <nature>Modest</nature>
    <ability>1</ability>
    <item>Life Orb</item>
    <ev_hp>4</ev_hp>
    <ev_spatk>252</ev_spatk>
    <ev_speed>252</ev_speed>
    <move>Growth</move>
    <move>Energy Ball</move>
    <move>Seed Bomb</move>
    <move>SolarBeam</move>
    <move>Sludge Bomb</move>
    <move>Return</move>
    <move>Sleep Powder</move>
    <move>Hidden Power Fire</move>
    <move>Earthquake</move>
  </moveset>
  <moveset name="Growth 2">
    <nature>Modest</nature>
    <ability>1</ability>
    <item>Life Orb</item>
    <ev_atk>252</ev_atk>
    <ev_spatk>20</ev_spatk>
    <ev_speed>236</ev_speed>
    <move>Growth</move>
    <move>Energy Ball</move>
    <move>Seed Bomb</move>
    <move>SolarBeam</move>
    <move>Sludge Bomb</move>
    <move>Return</move>
    <move>Sleep Powder</move>
    <move>Hidden Power Fire</move>
    <move>Earthquake</move>
  </moveset>
  <moveset name="Subseeder">
    <nature>Bold</nature>
    <ability>1</ability>
    <item>Leftovers</item>
    <ev_hp>192</ev_hp>
    <ev_def>252</ev_def>
    <ev_spdef>48</ev_spdef>
    <ev_speed>16</ev_speed>
    <move>Leech Seed</move>
    <move>Substitute</move>
    <move>Hidden Power Fire </move>
    <move>Protect</move>
    <move>Toxic</move>
  </moveset>
</list>