﻿<?xml version="1.0" encoding="utf-8"?>
<list>
  <moveset name="Offensive Butterfly Dancer">
    <nature>Timid</nature>
    <item>Life Orb</item>
    <ev_spatk>252</ev_spatk>
    <ev_spdef>4</ev_spdef>
    <ev_speed>252</ev_speed>
    <move>Quiver Dance</move>
    <move>Fire Blast</move>
    <move>Bug Buzz</move>
    <move>Hidden Power Ground</move>
    <move>Hidden Power Rock</move>
    <move>Hidden Power Electric</move>
    <move>Fiery Dance</move>
  </moveset>
  <moveset name="Bulky Butterfly Dancer">
    <nature>Modest</nature>
    <item>Leftovers</item>
    <ev_hp>252</ev_hp>
    <ev_def>252</ev_def>
    <ev_speed>4</ev_speed>
    <move>Quiver Dance</move>
    <move>Fiery Dance</move>
    <move>Fire Blast</move>
    <move>Bug Buzz</move>
    <move>Hidden Power Rock</move>
    <move>Morning Sun</move>
  </moveset>
</list>