﻿<?xml version="1.0" encoding="utf-8"?>
<list>
  <moveset name="Substitute">
    <nature>Timid</nature>
    <ability>1</ability>
    <item>Leftovers</item>
    <ev_hp>192</ev_hp>
    <ev_def>64</ev_def>
    <ev_speed>252</ev_speed>
    <gender>0</gender>
    <move>Substitute</move>
    <move>Roost</move>
    <move>Thunderbolt</move>
    <move>Thunder</move>
    <move>Hidden Power Ice</move>
    <move>Toxic</move>
  </moveset>
  <moveset name="Offensive">
    <nature>Timid</nature>
    <ability>1</ability>
    <item>Life Orb</item>
    <ev_hp>4</ev_hp>
    <ev_spatk>252</ev_spatk>
    <ev_speed>252</ev_speed>
    <gender>0</gender>
    <move>Thunderbolt</move>
    <move>Hidden Power Ice</move>
    <move>Roost</move>
    <move>Thunder</move>
    <move>U-turn</move>
    <move>Volt Switch</move>
  </moveset>
  <moveset name="Physical Wall">
    <nature>Bold</nature>
    <item>Leftovers</item>
    <ev_hp>248</ev_hp>
    <ev_def>228</ev_def>
    <ev_spdef>16</ev_spdef>
    <ev_speed>16</ev_speed>
    <gender>0</gender>
    <move>Thunderbolt</move>
    <move>Roost</move>
    <move>Heat Wave</move>
    <move>Hidden Power Ice</move>
    <move>Thunder Wave</move>
    <move>Roar</move>
  </moveset>
  <moveset name="Special Wall">
    <nature>Calm</nature>
    <item>Leftovers</item>
    <ev_hp>248</ev_hp>
    <ev_def>16</ev_def>
    <ev_spdef>228</ev_spdef>
    <ev_speed>16</ev_speed>
    <gender>0</gender>
    <move>Thunderbolt</move>
    <move>Roost</move>
    <move>Thunder Wave</move>
    <move>Light Screen</move>
    <move>Heat Wave</move>
    <move>Hidden Power Ice</move>
  </moveset>
  <moveset name="AgilPass">
    <nature>Timid</nature>
    <ability>1</ability>
    <item>Leftovers</item>
    <ev_hp>248</ev_hp>
    <ev_def>140</ev_def>
    <ev_spdef>16</ev_spdef>
    <ev_speed>16</ev_speed>
    <move>Agility</move>
    <move>Baton Pass</move>
    <move>Substitute</move>
    <move>Thunderbolt</move>
  </moveset>
  <moveset name="Choice">
    <nature>Timid</nature>
    <ability>1</ability>
    <item>Choice Specs</item>
    <ev_def>4</ev_def>
    <ev_spatk>252</ev_spatk>
    <ev_speed>252</ev_speed>
    <move>Thunderbolt</move>
    <move>Hidden Power Ice</move>
    <move>Extrasensory</move>
    <move>U-turn</move>
    <move>Volt Switch</move>
  </moveset>
</list>